,0
K00406,328
K12531,319
K18351,319
K15862,318
K00626,317
K11526,317
K03941,315
K04561,314
K00356,312
K08305,312
K00799,312
K15864,310
K08082,310
K02305,310
K00681,309
K08083,309
K07649,308
K00404,308
K02659,308
K07710,307
K06596,307
K14159,306
K11711,306
K03688,306
K02448,305
K00329,305
K07712,304
K00992,304
K04090,304
K15012,303
K00031,303
K00533,302
K01596,302
K01919,302
K18072,302
K17060,301
K01669,301
K07645,301
K00411,301
K10914,300
K00405,300
K13490,300
K02487,298
K12264,298
K22341,298
K00163,298
K07673,298
K07638,297
K01595,297
K00822,297
K18353,297
K00797,297
K06597,296
K16165,296
K22292,296
K00027,295
K02339,295
K02164,295
K02641,294
K07639,294
K00412,294
K07810,293
K03943,293
K00366,292
K00410,292
K03600,291
K01011,291
K02558,290
K00370,289
K00176,289
K02337,288
K02191,287
K07653,286
K00187,285
K00457,285
K12256,285
K05710,284
K00413,284
K00407,283
K18094,283
K11356,283
K15011,283
K06876,282
K11693,282
K00368,282
K00090,282
K01256,282
K00627,280
K03617,280
K14980,280
K07787,279
K05874,277
K03599,277
K08738,277
K18354,276
K03690,276
K01816,276
K00990,276
K07232,276
K03880,275
K11694,273
K11695,273
K11624,272
K22338,271
K04748,271
K02563,271
K08306,271
K21567,271
K02040,269
K00186,269
K06993,267
K01581,267
K02661,265
K05966,264
K03723,263
K03093,263
K03110,263
K22339,262
K13041,261
K00348,261
K03782,261
K00161,261
K00177,260
K07691,260
K01920,260
K02188,260
K07789,260
K03701,259
K05895,259
K13771,259
K07644,258
K09760,258
K18586,258
K00392,257
K02259,257
K19343,256
K01141,254
K10004,254
K07704,253
K14987,253
K10001,253
K01034,252
K11103,252
K18444,251
K00367,250
K03940,249
K03407,249
K02229,248
K13061,248
K03879,248
K10916,248
K00595,246
K22340,245
K02660,245
K00568,244
K13816,244
K00830,244
K00371,243
K07798,243
K03091,243
K14581,241
K01646,240
K01910,240
K04771,239
K01255,239
K00363,238
K19303,238
K02192,238
K01035,235
K07637,235
K03385,235
K00075,234
K01643,233
K08304,233
K18248,232
K02403,232
K01151,232
K11720,231
K08308,231
K07642,231
K10851,231
K03936,231
K12252,229
K11637,229
K11615,229
K05934,229
K00284,229
K13815,227
K05838,227
K02667,227
K02658,226
K01801,226
K10003,225
K02402,224
K07788,223
K11688,222
K15383,222
K13927,220
K00347,219
K01610,218
K04755,217
K21471,217
K16871,216
K00230,216
K18348,215
K20552,215
K03934,214
K18322,213
K07652,213
K21711,212
K15876,211
K10125,210
K19084,209
K13588,209
K18587,208
K04070,206
K00180,206
K10857,205
K14578,205
K02106,204
K08992,204
K15861,204
K11712,204
K03935,204
K17061,203
K00179,202
K06598,201
K10002,201
K12972,200
K07648,199
K18608,199
K00350,198
K01142,197
K01924,197
K00349,196
K03806,196
K07795,193
K14989,191
K00351,191
K03885,190
K09774,190
K03702,189
K07394,188
K00174,188
K19617,187
K06187,186
K03612,186
K18856,186
K03776,186
K07713,184
K19804,183
K01356,182
K18377,182
K11636,181
K11602,180
K10126,179
K02313,179
K00529,179
K10808,178
K03106,177
K13587,177
K01160,176
K10906,176
K07707,174
K03615,173
K09773,173
K09001,173
K00383,172
K03738,171
K00528,169
K04069,169
K07457,169
K00527,169
K07669,169
K01006,168
K02650,167
K05879,167
K20974,167
K00362,167
K19668,167
K01467,166
K02302,165
K00426,165
K14188,164
K00162,164
K07708,164
K00050,163
K13589,162
K02572,162
K00158,162
K03581,162
K00373,162
K00033,162
K15753,161
K02489,160
K01619,160
K01007,158
K05597,158
K07709,158
K13039,158
K01841,157
K07720,156
K00384,156
K19618,155
K11719,153
K19641,153
K05875,151
K08477,151
K10848,151
K07714,151
K03882,149
K08348,148
K07706,148
K12296,147
K00425,147
K19921,146
K03569,146
K03183,145
K11525,144
K05362,143
K09690,143
K03839,142
K02668,142
K07106,142
K01270,141
K19616,141
K06375,141
K11692,141
K03551,141
K07803,141
K00188,140
K06034,140
K03181,140
K01928,140
K14986,140
K00189,139
K07674,139
K06861,138
K07715,138
K20370,138
K01567,138
K03614,137
K07643,136
K07716,136
K13694,135
K06078,135
K07684,135
K00170,134
K03741,134
K06792,134
K01929,134
K21231,134
K18986,133
K11625,132
K07694,132
K07685,131
K07666,131
K04017,130
K00374,128
K19621,128
K07641,128
K11354,127
K08928,127
K12055,126
K18253,126
K03613,126
K19622,124
K03881,123
K13598,123
K07806,123
K03554,122
K03883,121
K07783,120
K15739,120
K08309,119
K18350,119
K00156,119
K03884,118
K07769,118
K00432,118
K20485,118
K04018,117
K03672,117
K00172,117
K00171,117
K03412,116
K10912,116
K08929,115
K01144,115
K11635,115
K02552,115
K07799,114
K11389,114
K07662,114
K10747,114
K11614,114
K04488,113
K11444,113
K03737,112
K08349,112
K00049,111
K00205,111
K05524,111
K03394,111
K00169,111
K00532,111
K03629,111
K09691,110
K07647,109
K20978,109
K07675,109
K01113,107
K11384,107
K07768,107
K09459,106
K03087,106
K14979,105
K11192,105
K11191,105
K03878,104
K00066,104
K07667,103
K02584,102
K04097,102
K11640,102
K02406,101
K10941,101
K00534,101
K07777,101
K04103,100
K19661,100
K01000,100
K07781,99
K01159,98
K15711,98
K10877,98
K10942,97
K21154,97
K07091,97
K01915,97
K03740,96
K08358,96
K01150,95
K13487,95
K21457,95
K20973,94
K13486,94
K07668,94
K07342,94
K07655,94
K08641,94
K11383,94
K10681,94
K02573,94
K03583,94
K07711,93
K03092,93
K07717,93
K07658,93
K07261,92
K13533,92
K10844,92
K03703,92
K11689,92
K03105,91
K07751,91
K05338,91
K03532,90
K02556,90
K11534,90
K07692,90
K07682,90
K03631,89
K07813,89
K07217,89
K05936,89
K08357,89
K14750,88
K07271,87
K07677,87
K02657,87
K02491,87
K03553,87
K07683,86
K03763,86
K04782,86
K08728,86
K07698,85
K11690,84
K01469,81
K04479,81
K11623,81
K03671,80
K07782,80
K12292,80
K03640,79
K02344,79
K07705,79
K10843,79
K07784,77
K07719,77
K03367,77
K18088,77
K18090,77
K03413,76
K03733,76
K11603,76
K14978,76
K10754,76
K10255,76
K08930,76
K12294,76
K08280,75
K11443,75
K07702,75
K01297,75
K20977,75
K07646,74
K12340,74
K12265,74
K02342,74
K12293,72
K05878,72
K15853,71
K05964,71
K06441,70
K13599,69
K11619,69
K04751,69
K02228,69
K20264,68
K03739,68
K08851,68
K19083,68
K07651,68
K09475,67
K01143,67
K18838,67
K18164,67
K07792,67
K05339,66
K07102,66
K06217,66
K08307,66
K12532,66
K02340,65
K00346,64
K07804,64
K13491,63
K07455,63
K19224,63
K14988,63
K05799,63
K10943,63
K00596,62
K03616,62
K07790,62
K04802,61
K03399,61
K07466,61
K13489,60
K01448,60
K07889,59
K07689,59
K08927,59
K11107,59
K08926,59
K03863,58
K11326,57
K18346,57
K09697,56
K07700,55
K03086,55
K05881,55
K14982,55
K01077,54
K18763,54
K05346,53
K11260,53
K11926,53
K03408,52
K01958,52
K13541,52
K13924,52
K01925,52
K05916,52
K04763,52
K18087,50
K02639,49
K07680,49
K20490,49
K18691,49
K03620,49
K11522,49
K22362,48
K19869,48
K13488,48
K10755,48
K19868,48
K08359,48
K20483,48
K07335,47
K20975,47
K21480,47
K18345,47
K03533,47
K07260,47
K11621,47
K00244,46
K11639,46
K11617,46
K11524,46
K10715,46
K07786,45
K03400,44
K11066,44
K09696,43
K19304,43
K19223,42
K07794,41
K16163,41
K07703,40
K01447,40
K03584,40
K02574,40
K05790,40
K00246,40
K13040,39
K05337,39
K11626,39
K07718,38
K07049,38
K00802,38
K10563,37
K09469,37
K03700,37
K00424,37
K20263,36
K07796,36
K18324,36
K03550,36
K07797,36
K05876,36
K10910,36
K07699,35
K07678,34
K07688,34
K08475,34
K18163,33
K20492,33
K07654,33
K06080,33
K10807,32
K11140,32
K20486,32
K13991,32
K02488,32
K02304,32
K10913,31
K03840,31
K16712,31
K08350,31
K12266,30
K03955,30
K15762,30
K00835,30
K10838,30
K07681,28
K21473,28
K07929,28
K11641,28
K08476,28
K11622,27
K22182,27
K00235,27
K05877,27
K00245,27
K11520,26
K11231,26
K07778,26
K11816,26
K06048,26
K19690,26
K02398,26
K07701,26
K19691,26
K18321,26
K01460,25
K20976,25
K21474,25
K15877,25
K01547,24
K00575,24
K01446,24
K02335,24
K17906,24
K19609,24
K01546,24
K00236,24
K02490,23
K07696,23
K15850,23
K06400,23
K15792,23
K06042,23
K22409,22
K10909,22
K03781,22
K01959,22
K07793,22
K05982,22
K14440,22
K00204,22
K01960,21
K06046,21
K16191,21
K03953,21
K18456,21
K22360,21
K01548,21
K16164,21
K11601,20
K11327,20
K02338,20
K20491,20
K07697,20
K13449,19
K03980,19
K07676,19
K09476,19
K00873,19
K21401,19
K11691,19
K03415,19
K18757,19
K11727,19
K07874,19
K03601,19
K07901,18
K03406,18
K19692,18
K00175,18
K09477,18
K20487,17
K22278,17
K20484,17
K14205,17
K07343,17
K01972,17
K11328,17
K17733,17
K08939,17
K19615,17
K21769,16
K20463,16
K20174,16
K18940,16
K07811,16
K09272,16
K11647,16
K07907,16
K07214,16
K06109,16
K15859,16
K04884,16
K04883,16
K04882,16
K04911,16
K10839,16
K11396,16
K13431,15
K14075,15
K03942,15
K20879,15
K20876,15
K08802,15
K07695,15
K07904,15
K11616,14
K07921,14
K19873,14
K08857,14
K00692,14
K07650,14
K18093,14
K02345,14
K07636,14
K16695,14
K19220,14
K03855,14
K18592,13
K20489,13
K07785,13
K01449,13
K07915,13
K18095,13
K09474,13
K19620,13
K08372,13
K21472,13
K02343,13
K17260,12
K07401,12
K02341,12
K03657,12
K07679,12
K13540,12
K11919,12
K07878,12
K20465,12
K11618,12
K19624,12
K02202,12
K07877,12
K04550,12
K07876,12
K13918,11
K17890,11
K11649,11
K03868,11
K00032,10
K13532,10
K07048,10
K03602,10
K07640,9
K02189,9
K19079,9
K03563,9
K18837,9
K11638,9
K11631,9
K11632,8
K19080,8
K15854,8
K00494,8
K10756,7
K10846,7
K08478,7
K18866,7
K18347,7
K03504,7
K00234,7
K15752,7
K11994,7
K07686,7
K11995,7
K11338,6
K12530,6
K07687,6
K02327,6
K07800,6
K07780,6
K21199,6
K22138,6
K10875,6
K01644,6
K01568,6
K01161,6
K07910,6
K00689,5
K19666,5
K10911,5
K02405,5
K03582,5
K14439,5
K10873,5
K11654,5
K10850,4
K10609,4
K07443,4
K10840,4
K03430,3
K11355,3
K03851,3
K07690,3
K19611,3
K07905,3
K07693,3
K00036,2
K14002,2
K06434,2
K18326,2
K18249,2
K00247,2
K01557,2
K18089,1
K16304,1
K08220,1
K11382,0
K04324,0
K15191,0
K20875,0
K20872,0
K16185,0
K17047,0
K06126,0
K05086,0
K11648,0
K07883,0
K01158,0
K07930,0
K20115,0
K22366,0
